,index,code,time,money,year
1,7077,000002.SZ,2016/1/5,160148519.7,2016
4,2661,000008.SZ,2019/4/30,7145779.52,2019
12,433,000008.SZ,2019/10/9,217695991.5,2019
14,3198,000030.SZ,2019/3/11,9938606.69,2019
23,432,000030.SZ,2019/10/9,321064464.6,2019
25,4158,000034.SZ,2019/1/25,6837911.78,2019
31,4131,000056.SZ,2019/1/30,671900,2019
42,7068,000100.SZ,2016/1/6,69990822.25,2016
62,194,000100.SZ,2019/10/16,1708529800,2019
70,6941,000157.SZ,2017/5/25,53286400,2017
72,6927,000157.SZ,2017/6/30,116234500,2017
74,2208,000157.SZ,2019/5/18,115594328.1,2019
79,1692,000157.SZ,2019/6/29,2029218746,2019
81,4707,000158.SZ,2018/12/27,6757754.18,2018
93,103,000158.SZ,2019/11/2,240005778.1,2019
96,5562,000159.SZ,2018/11/2,421745,2018
100,6339,000333.SZ,2018/7/27,499920391,2018
108,4659,000333.SZ,2019/1/2,3999655845,2019
110,3246,000333.SZ,2019/3/6,48887360.8,2019
118,102,000333.SZ,2019/11/2,3050796240,2019
120,5854,000338.SZ,2018/10/9,70340038.77,2018
123,4679,000338.SZ,2018/12/29,429571178.4,2018
126,1878,000415.SZ,2019/6/5,9979804.55,2019
133,1711,000423.SZ,2019/6/25,30227067.64,2019
137,262,000423.SZ,2019/10/10,197110596.3,2019
141,7014,000425.SZ,2016/4/30,5034800,2016
145,6997,000425.SZ,2016/6/14,253965200,2016
147,6135,000426.SZ,2018/8/30,66534500,2018
159,1644,000426.SZ,2019/7/2,199875800,2019
161,4735,000516.SZ,2018/12/25,17584455,2018
173,261,000516.SZ,2019/10/10,229403200.6,2019
175,4317,000538.SZ,2019/1/5,3539685,2019
185,101,000538.SZ,2019/11/2,241165054.1,2019
187,4605,000540.SZ,2019/1/3,10500778.63,2019
190,3969,000540.SZ,2019/2/2,10500778.63,2019
204,6376,000560.SZ,2018/7/16,1788268.2,2018
210,5218,000560.SZ,2018/11/30,198186655.2,2018
213,6854,000566.SZ,2017/11/8,168980302.9,2017
221,6646,000566.SZ,2018/4/11,509692709.2,2018
223,3101,000582.SZ,2019/3/29,1154234,2019
228,1386,000582.SZ,2019/7/4,149282235.6,2019
230,3677,000598.SZ,2019/2/19,8587782,2019
239,99,000598.SZ,2019/11/2,69556461.92,2019
241,5251,000615.SZ,2018/11/28,5535016.65,2018
256,173,000615.SZ,2019/10/29,108988912,2019
258,6596,000662.SZ,2018/5/5,1883075.52,2018
263,5945,000662.SZ,2018/9/15,84918.21,2018
265,5937,000667.SZ,2018/9/18,5026989,2018
277,1277,000667.SZ,2019/7/30,239951200,2019
279,4799,000671.SZ,2018/12/19,8802363.68,2018
290,5477,000672.SZ,2018/11/3,39995177,2018
304,176,000672.SZ,2019/10/28,174010797.5,2019
307,6396,000683.SZ,2018/7/9,13549800,2018
326,2176,000683.SZ,2019/5/23,719928122.2,2019
328,4902,000688.SZ,2018/12/7,13857122,2018
342,98,000688.SZ,2019/11/2,439940798.8,2019
344,2527,000709.SZ,2019/5/7,32850000,2019
348,1698,000709.SZ,2019/6/28,808963527.8,2019
350,5217,000718.SZ,2018/11/30,7559078,2018
372,3226,000720.SZ,2019/3/7,887300,2019
382,6985,000725.SZ,2016/9/21,49999805.96,2016
396,7075,000728.SZ,2016/1/5,73483100,2016
400,7025,000728.SZ,2016/3/15,396516900,2016
402,931,000779.SZ,2019/8/15,1840842,2019
406,511,000779.SZ,2019/9/20,139458558,2019
408,6378,000813.SZ,2018/7/14,10020530.65,2018
416,4290,000813.SZ,2019/1/7,199999764.8,2019
418,6581,000818.SZ,2018/5/16,1575846.38,2018
424,5971,000821.SZ,2018/9/11,2317910.4,2018
434,2185,000821.SZ,2019/5/22,150016777.4,2019
437,2243,000826.SZ,2019/5/15,4998934.71,2019
443,97,000826.SZ,2019/11/2,34916989.38,2019
445,6332,000829.SZ,2018/7/28,36416259.51,2018
450,6203,000861.SZ,2018/8/9,37056325.4,2018
459,4205,000861.SZ,2019/1/19,183969716,2019
461,3348,000861.SZ,2019/3/5,500215,2019
468,422,000861.SZ,2019/10/9,4543583.68,2019
471,4772,000863.SZ,2018/12/21,2935129,2018
479,4866,000876.SZ,2018/12/12,7337289,2018
491,421,000876.SZ,2019/10/9,558370676.9,2019
493,5391,000887.SZ,2018/11/8,50231497.72,2018
504,195,000887.SZ,2019/10/14,100000752.4,2019
506,3207,000889.SZ,2019/3/9,5429376,2019
514,96,000889.SZ,2019/11/2,9006787.6,2019
517,5652,000902.SZ,2018/10/24,1229063.96,2018
527,872,000902.SZ,2019/8/30,132640583.2,2019
530,4807,000903.SZ,2018/12/18,633291,2018
543,95,000903.SZ,2019/11/2,100005627.2,2019
546,4850,000925.SZ,2018/12/13,6878243.96,2018
553,206,000926.SZ,2019/10/11,3699885,2019
555,4724,000952.SZ,2018/12/26,18412819.59,2018
557,4723,000960.SZ,2018/12/26,15053179,2018
569,148,000960.SZ,2019/11/1,191821211.7,2019
571,1798,000967.SZ,2019/6/7,6757986.05,2019
576,5476,000975.SZ,2018/11/3,26689842.05,2018
585,1475,000975.SZ,2019/7/3,218818077.3,2019
592,3100,000976.SZ,2019/3/29,6697798.12,2019
600,1340,000976.SZ,2019/7/13,93555836.22,2019
602,5905,000989.SZ,2018/9/26,3487934.51,2018
617,871,000989.SZ,2019/8/30,356279964.4,2019
619,5216,000990.SZ,2018/11/30,22789511,2018
634,5381,000998.SZ,2018/11/9,6120426,2018
648,147,000998.SZ,2019/11/1,300021834.9,2019
650,3666,001979.SZ,2019/2/21,522775498.3,2019
656,1715,001979.SZ,2019/6/22,3477223978,2019
659,6266,002002.SZ,2018/8/3,9079887,2018
670,1709,002002.SZ,2019/6/26,100270314.7,2019
673,6586,002004.SZ,2018/5/9,12310172.29,2018
686,2838,002004.SZ,2019/4/3,275676260.7,2019
688,5658,002008.SZ,2018/10/23,82835349.46,2018
694,3628,002008.SZ,2019/2/28,489998280.5,2019
699,2512,002013.SZ,2019/5/7,27424781.13,2019
706,4409,002014.SZ,2019/1/4,3268569,2019
718,6724,002020.SZ,2018/3/17,19981700,2018
744,6741,002024.SZ,2018/3/10,143381600,2018
746,6648,002024.SZ,2018/4/9,856606700,2018
748,4097,002024.SZ,2019/2/1,49248500,2019
756,934,002024.SZ,2019/8/14,949347000,2019
762,6080,002027.SZ,2018/9/4,30502359,2018
773,2215,002027.SZ,2019/5/17,1529888900,2019
780,6856,002032.SZ,2017/11/7,17790200,2017
781,6848,002032.SZ,2017/11/29,164618300,2017
800,4849,002035.SZ,2018/12/13,6706450,2018
804,4152,002035.SZ,2019/1/26,199939270,2019
806,5899,002036.SZ,2018/9/27,1006587,2018
813,3187,002036.SZ,2019/3/13,50007214.85,2019
815,5301,002042.SZ,2018/11/22,12987834.42,2018
822,3341,002042.SZ,2019/3/5,299105839.7,2019
824,3129,002042.SZ,2019/3/23,58528948.76,2019
829,6723,002043.SZ,2018/3/17,33495342.12,2018
835,6395,002043.SZ,2018/7/9,266504641.1,2018
837,6122,002043.SZ,2018/9/1,5013922,2018
845,4094,002043.SZ,2019/2/1,169728300,2019
847,4798,002044.SZ,2018/12/19,12245137.2,2018
866,185,002044.SZ,2019/10/23,300010033.1,2019
869,6476,002047.SZ,2018/6/23,20771263,2018
877,3960,002047.SZ,2019/2/2,60027043.26,2019
879,3528,002047.SZ,2019/3/2,60027043.26,2019
881,3128,002047.SZ,2019/3/23,30009531.54,2019
884,2242,002047.SZ,2019/5/15,60013490.12,2019
891,4688,002050.SZ,2018/12/28,13214106.08,2018
902,4704,002056.SZ,2018/12/27,17970705,2018
908,2241,002056.SZ,2019/5/15,150004365.8,2019
911,866,002073.SZ,2019/8/31,4998754,2019
916,6191,002074.SZ,2018/8/10,16936793.82,2018
922,4212,002074.SZ,2019/1/18,199966912.2,2019
924,5904,002083.SZ,2018/9/26,9197500,2018
940,533,002083.SZ,2019/9/17,162643000,2019
942,4676,002084.SZ,2018/12/29,606533,2018
959,4263,002085.SZ,2019/1/11,29985328.72,2019
971,5954,002089.SZ,2018/9/13,2308121,2018
983,914,002089.SZ,2019/8/20,9998502.6,2019
985,6579,002099.SZ,2018/5/17,7785869,2018
999,3645,002099.SZ,2019/2/26,301511513.9,2019
1001,5300,002100.SZ,2018/11/22,12982316,2018
1007,2671,002100.SZ,2019/4/25,29983499.44,2019
1009,6893,002102.SZ,2017/9/11,2612271.78,2017
1018,6511,002103.SZ,2018/6/8,7800601.71,2018
1026,5203,002103.SZ,2018/12/1,51274398.29,2018
1029,5916,002104.SZ,2018/9/21,1759325.6,2018
1041,1359,002104.SZ,2019/7/9,99019502.79,2019
1043,5944,002111.SZ,2018/9/15,6998325.12,2018
1055,1051,002111.SZ,2019/8/3,75594952.51,2019
1068,6902,002123.SZ,2017/9/1,11065098.65,2017
1072,6850,002123.SZ,2017/11/15,179969025.7,2017
1074,6834,002123.SZ,2017/12/15,16419365,2017
1087,6394,002123.SZ,2018/7/9,499914866.6,2018
1091,5702,002123.SZ,2018/10/13,14983551.5,2018
1106,921,002123.SZ,2019/8/16,106587519.9,2019
1108,4864,002126.SZ,2018/12/12,9770248.82,2018
1119,253,002126.SZ,2019/10/10,69972789.53,2019
1121,5467,002127.SZ,2018/11/3,6894628.8,2018
1132,409,002127.SZ,2019/10/9,151655831.5,2019
1135,4262,002132.SZ,2019/1/11,3585702,2019
1148,88,002132.SZ,2019/11/2,117922595.1,2019
1150,4797,002138.SZ,2018/12/19,43840,2018
1161,87,002138.SZ,2019/11/2,139834290.1,2019
1164,4796,002139.SZ,2018/12/19,4101632.5,2018
1172,2207,002139.SZ,2019/5/18,59999968.88,2019
1175,6399,002145.SZ,2018/7/7,2603879,2018
1184,4770,002145.SZ,2018/12/21,166296485.6,2018
1188,3127,002145.SZ,2019/3/23,6569579,2019
1200,86,002145.SZ,2019/11/2,265038136.2,2019
1202,6294,002148.SZ,2018/8/2,4118457.8,2018
1216,1324,002148.SZ,2019/7/18,60016094.49,2019
1218,5898,002152.SZ,2018/9/27,34399006.09,2018
1225,3195,002152.SZ,2019/3/12,120234547.6,2019
1227,1782,002156.SZ,2019/6/12,9978771,2019
1233,1697,002161.SZ,2019/6/28,7793922.44,2019
1237,405,002161.SZ,2019/10/9,2206098.79,2019
1239,1741,002168.SZ,2019/6/19,1969000,2019
1248,144,002168.SZ,2019/11/1,145644580.5,2019
1250,3119,002169.SZ,2019/3/25,5672135,2019
1259,404,002169.SZ,2019/10/9,90745892,2019
1261,6730,002171.SZ,2018/3/15,49255471,2018
1263,6702,002171.SZ,2018/3/24,101747402.7,2018
1265,158,002171.SZ,2019/10/31,6575770,2019
1268,4769,002172.SZ,2018/12/21,4831422,2018
1274,2496,002172.SZ,2019/5/7,44177973.48,2019
1276,6802,002174.SZ,2018/2/1,4987200,2018
1289,4703,002174.SZ,2018/12/27,437781624.6,2018
1293,3112,002179.SZ,2019/3/27,8178815.2,2019
1302,143,002179.SZ,2019/11/1,3598114.9,2019
1305,6721,002191.SZ,2018/3/17,13526437.85,2018
1337,3241,002191.SZ,2019/3/6,230291282.1,2019
1339,4824,002194.SZ,2018/12/15,6301637.3,2018
1351,85,002194.SZ,2019/11/2,39197729.18,2019
1355,5926,002197.SZ,2018/9/20,3107799.67,2018
1365,1470,002197.SZ,2019/7/3,61092100,2019
1367,4768,002203.SZ,2018/12/21,4437697,2018
1375,1792,002203.SZ,2019/6/11,294211112.4,2019
1377,5379,002206.SZ,2018/11/9,1096750,2018
1394,5680,002212.SZ,2018/10/17,20380286.3,2018
1399,3217,002215.SZ,2019/3/8,13251568.52,2019
1408,84,002215.SZ,2019/11/2,87700062.58,2019
1410,5215,002216.SZ,2018/11/30,651731,2018
1415,3002,002216.SZ,2019/4/2,50291290.08,2019
1417,5615,002221.SZ,2018/10/30,30738227,2018
1433,5953,002229.SZ,2018/9/13,4999437.19,2018
1445,899,002229.SZ,2019/8/22,8858611.29,2019
1449,6402,002233.SZ,2018/7/6,10432000,2018
1455,4767,002233.SZ,2018/12/21,31499697.16,2018
1457,528,002233.SZ,2019/9/18,15845800,2019
1459,82,002233.SZ,2019/11/2,53760500,2019
1461,1769,002236.SZ,2019/6/14,49993129.5,2019
1465,250,002236.SZ,2019/10/10,150000682.9,2019
1467,5646,002240.SZ,2018/10/25,2999174,2018
1473,5728,002241.SZ,2018/10/11,30956904,2018
1479,3194,002241.SZ,2019/3/12,356826897.3,2019
1481,6838,002242.SZ,2017/12/6,8695816.6,2017
1484,6778,002242.SZ,2018/2/7,85310061.03,2018
1512,1305,002264.SZ,2019/7/23,1626200,2019
1517,7060,002271.SZ,2016/1/13,25349183.44,2016
1524,6994,002271.SZ,2016/7/1,117646980.6,2016
1526,6174,002271.SZ,2018/8/15,17837628.13,2018
1540,1265,002271.SZ,2019/8/1,351510210.9,2019
1542,5282,002273.SZ,2018/11/24,4030500,2018
1548,2488,002273.SZ,2019/5/7,100060995.4,2019
1551,578,002273.SZ,2019/9/5,883800,2019
1553,80,002273.SZ,2019/11/2,176.76,2019
1555,5634,002275.SZ,2018/10/29,985284,2018
1569,555,002275.SZ,2019/9/10,204005652,2019
1571,6719,002277.SZ,2018/3/20,9205092.74,2018
1584,3627,002277.SZ,2019/2/28,100062002.5,2019
1587,3160,002279.SZ,2019/3/16,7997567.3,2019
1595,79,002279.SZ,2019/11/2,34396947.53,2019
1598,6606,002298.SZ,2018/5/4,4543941.45,2018
1608,4898,002298.SZ,2018/12/7,145489696.1,2018
1611,6200,002301.SZ,2018/8/9,1999248,2018
1623,1468,002301.SZ,2019/7/3,106441869.6,2019
1626,6149,002303.SZ,2018/8/25,12698606.91,2018
1628,5897,002303.SZ,2018/9/27,48309810.06,2018
1632,5700,002308.SZ,2018/10/13,19999949.48,2018
1642,1690,002308.SZ,2019/6/29,50049815.87,2019
1644,4169,002312.SZ,2019/1/24,1313280,2019
1651,1707,002312.SZ,2019/6/26,48689863.1,2019
1654,5287,002317.SZ,2018/11/23,6568702.74,2018
1661,2486,002317.SZ,2019/5/7,100009162.1,2019
1663,6696,002322.SZ,2018/3/27,16078845.91,2018
1682,7074,002327.SZ,2016/1/5,296789700.9,2016
1683,7058,002327.SZ,2016/1/15,3209962.57,2016
1685,3670,002327.SZ,2019/2/20,2623244,2019
1695,7067,002328.SZ,2016/1/6,15125837.18,2016
1701,5281,002334.SZ,2018/11/24,43776117.24,2018
1706,1335,002339.SZ,2019/7/16,5971207.12,2019
1711,78,002339.SZ,2019/11/2,26899416.55,2019
1713,4701,002344.SZ,2018/12/27,4409496,2018
1718,6190,002345.SZ,2018/8/10,24761375,2018
1725,4139,002345.SZ,2019/1/29,100553617,2019
1727,4765,002347.SZ,2018/12/21,1012112,2018
1734,5925,002349.SZ,2018/9/20,7067819,2018
1744,5390,002350.SZ,2018/11/8,21039034.88,2018
1758,163,002350.SZ,2019/10/30,86736372.21,2019
1761,3116,002352.SZ,2019/3/26,24292060.98,2019
1763,2714,002352.SZ,2019/4/9,370707939,2019
1765,6219,002355.SZ,2018/8/7,8119379.66,2018
1777,1355,002355.SZ,2019/7/10,30184780.52,2019
1779,5930,002360.SZ,2018/9/19,907838,2018
1789,4253,002360.SZ,2019/1/12,100056870,2019
1791,6373,002361.SZ,2018/7/18,2999099,2018
1796,5614,002361.SZ,2018/10/30,95541165.5,2018
1798,4921,002361.SZ,2018/12/6,988665,2018
1811,6576,002364.SZ,2018/5/18,30480066,2018
1816,6063,002364.SZ,2018/9/4,69499843.98,2018
1819,5299,002364.SZ,2018/11/22,577016.38,2018
1825,3330,002364.SZ,2019/3/5,149974597.3,2019
1838,2666,002365.SZ,2019/4/26,5198166,2019
1843,1264,002365.SZ,2019/8/1,40146521.31,2019
1845,624,002365.SZ,2019/9/4,6354643.77,2019
1849,141,002365.SZ,2019/11/1,1940584.83,2019
1851,4794,002367.SZ,2018/12/19,2385803,2018
1857,1859,002367.SZ,2019/6/5,29691098.22,2019
1860,4180,002369.SZ,2019/1/23,12256105.09,2019
1871,76,002369.SZ,2019/11/2,62996017.86,2019
1873,4168,002375.SZ,2019/1/24,11191293.77,2019
1877,3176,002375.SZ,2019/3/14,188787862.6,2019
1879,5650,002380.SZ,2018/10/24,12255784.78,2018
1884,4763,002380.SZ,2018/12/21,47743982.22,2018
1886,6312,002381.SZ,2018/8/1,5942418.05,2018
1898,6513,002385.SZ,2018/6/7,32806596.4,2018
1906,5331,002385.SZ,2018/11/17,315750957.6,2018
1913,3098,002388.SZ,2019/3/29,1768375,2019
1921,247,002388.SZ,2019/10/10,8231547.31,2019
1923,6804,002390.SZ,2018/1/25,37320448.41,2018
1929,6584,002390.SZ,2018/5/10,262665238.7,2018
1931,3496,002390.SZ,2019/3/2,25234904,2019
1943,75,002390.SZ,2019/11/2,262509325.2,2019
1945,874,002391.SZ,2019/8/29,15052089.02,2019
1949,392,002391.SZ,2019/10/9,171503236.2,2019
1951,5280,002397.SZ,2018/11/24,11750597.16,2018
1965,7073,002399.SZ,2016/1/5,116062642.9,2016
1971,6728,002403.SZ,2018/3/16,7179933.41,2018
1984,3329,002403.SZ,2019/3/5,94835000.7,2019
1986,1323,002404.SZ,2019/7/18,5771578,2019
1991,74,002404.SZ,2019/11/2,34223825.9,2019
1993,4835,002405.SZ,2018/12/14,15588040.26,2018
1998,2477,002405.SZ,2019/5/7,30001482.59,2019
2004,2134,002408.SZ,2019/5/31,4493593,2019
2011,73,002408.SZ,2019/11/2,165491366.9,2019
2013,6331,002413.SZ,2018/7/28,9559938.79,2018
2016,6154,002413.SZ,2018/8/23,90939724.46,2018
2018,5229,002413.SZ,2018/11/29,8131736.19,2018
2033,6727,002421.SZ,2018/3/16,10011340.39,2018
2037,7051,002422.SZ,2016/1/28,7525923.75,2016
2039,7023,002422.SZ,2016/3/17,95646987.05,2016
2041,6943,002422.SZ,2017/5/12,9172167.5,2017
2051,6767,002422.SZ,2018/2/23,33317447.68,2018
2053,4885,002422.SZ,2018/12/8,21556893,2018
2066,72,002422.SZ,2019/11/2,85459333.23,2019
2069,3643,002429.SZ,2019/2/26,7498008,2019
2073,2239,002429.SZ,2019/5/15,90476539.41,2019
2077,6604,002434.SZ,2018/5/4,16269500,2018
2085,5098,002434.SZ,2018/12/4,133105040.7,2018
2087,4687,002434.SZ,2018/12/28,91474878.4,2018
2090,3626,002434.SZ,2019/2/28,280012606.5,2019
2092,6011,002435.SZ,2018/9/5,42241322.56,2018
2098,4167,002435.SZ,2019/1/24,74901663.75,2019
2101,5298,002439.SZ,2018/11/22,42340429.34,2018
2114,5265,002444.SZ,2018/11/27,6166700,2018
2127,140,002444.SZ,2019/11/1,105492690.2,2019
2129,2716,002448.SZ,2019/4/8,41242748.28,2019
2139,5243,002455.SZ,2018/11/28,2169504,2018
2148,2224,002455.SZ,2019/5/16,65006867.3,2019
2151,5403,002456.SZ,2018/11/6,10068578.05,2018
2156,3184,002456.SZ,2019/3/13,50009244.93,2019
2158,4166,002457.SZ,2019/1/24,7594622.52,2019
2168,6928,002472.SZ,2017/6/29,10650700,2017
2171,6919,002472.SZ,2017/7/15,98832900,2017
2176,6747,002478.SZ,2018/3/6,3250697,2018
2184,6120,002478.SZ,2018/9/1,131030100,2018
2186,4736,002479.SZ,2018/12/24,4999039.5,2018
2196,389,002479.SZ,2019/10/9,31543229.5,2019
2198,6811,002481.SZ,2018/1/16,9673082.67,2018
2205,6474,002481.SZ,2018/6/23,81698947.33,2018
2217,5648,002488.SZ,2018/10/24,33742808.8,2018
2226,2980,002488.SZ,2019/4/2,261716802.8,2019
2229,1855,002488.SZ,2019/6/5,3001648,2019
2233,387,002488.SZ,2019/10/9,1639389.04,2019
2235,1334,002491.SZ,2019/7/16,29933942.56,2019
2239,172,002491.SZ,2019/10/29,45901157.44,2019
2241,3488,002494.SZ,2019/3/2,5872852,2019
2247,6766,002497.SZ,2018/2/27,35999894.75,2018
2249,3214,002497.SZ,2019/3/8,11922990,2019
2250,3149,002497.SZ,2019/3/19,88077352.78,2019
2252,6253,002503.SZ,2018/8/3,9198130.81,2018
2264,1322,002503.SZ,2019/7/18,116234052.5,2019
2266,5457,002511.SZ,2018/11/3,21645048.94,2018
2267,4974,002511.SZ,2018/12/5,72936498.41,2018
2270,4803,002515.SZ,2018/12/18,6943868.73,2018
2284,385,002515.SZ,2019/10/9,171409894.8,2019
2286,6362,002516.SZ,2018/7/21,10600217.32,2018
2300,1361,002516.SZ,2019/7/6,99991134.35,2019
2302,5726,002517.SZ,2018/10/11,4805300,2018
2308,3183,002517.SZ,2019/3/13,8251000,2019
2311,6885,002519.SZ,2017/9/29,10862158.13,2017
2318,6772,002519.SZ,2018/2/8,200586910,2018
2320,5645,002519.SZ,2018/10/25,2083950.4,2018
2332,384,002519.SZ,2019/10/9,37620876.33,2019
2334,5242,002520.SZ,2018/11/28,4001376.66,2018
2348,70,002520.SZ,2019/11/2,109951188.2,2019
2350,4872,002531.SZ,2018/12/11,15451286.44,2018
2351,4673,002531.SZ,2018/12/29,34539243.56,2018
2354,1805,002531.SZ,2019/6/6,2027356,2019
2358,242,002531.SZ,2019/10/10,17947628.8,2019
2360,6473,002532.SZ,2018/6/26,6540571.74,2018
2364,6252,002532.SZ,2018/8/3,55200203.55,2018
2366,488,002534.SZ,2019/9/27,3668380.16,2019
2369,6726,002537.SZ,2018/3/16,39607612.68,2018
2375,6199,002537.SZ,2018/8/9,110358888.5,2018
2377,5983,002537.SZ,2018/9/7,7645016.4,2018
2384,4179,002537.SZ,2019/1/23,393365756.2,2019
2386,2205,002537.SZ,2019/5/18,2037369,2019
2395,6350,002540.SZ,2018/7/25,4778500,2018
2410,6504,002548.SZ,2018/6/14,4015447.8,2018
2422,6961,002550.SZ,2017/3/17,44999536.91,2017
2424,6010,002550.SZ,2018/9/5,11427798,2018
2434,549,002550.SZ,2019/9/11,309444715.6,2019
2436,2692,002555.SZ,2019/4/12,116113041.1,2019
2445,5239,002556.SZ,2018/11/28,4828852,2018
2452,3091,002556.SZ,2019/3/30,100481300,2019
2455,1751,002557.SZ,2019/6/18,4291885,2019
2460,67,002557.SZ,2019/11/2,25706131.1,2019
2462,5198,002558.SZ,2018/12/1,856600,2018
2474,156,002558.SZ,2019/10/31,1468174837,2019
2477,5914,002559.SZ,2018/9/21,2259869,2018
2492,577,002559.SZ,2019/9/5,79854774.51,2019
2494,5524,002562.SZ,2018/11/2,4999121.66,2018
2505,508,002562.SZ,2019/9/21,30000260.48,2019
2508,4699,002564.SZ,2018/12/27,9998200,2018
2521,5976,002565.SZ,2018/9/8,36018300,2018
2523,6058,002567.SZ,2018/9/4,5981206.16,2018
2530,3204,002567.SZ,2019/3/9,37041997.45,2019
2534,3787,002568.SZ,2019/2/12,298380,2019
2542,380,002568.SZ,2019/10/9,12614840.5,2019
2544,5640,002570.SZ,2018/10/27,33322575.86,2018
2548,4698,002570.SZ,2018/12/27,58645307.86,2018
2550,1754,002570.SZ,2019/6/17,2014554,2019
2554,379,002570.SZ,2019/10/9,34992584,2019
2556,5888,002572.SZ,2018/9/29,9508907.02,2018
2571,531,002572.SZ,2019/9/17,205112633.1,2019
2573,2204,002578.SZ,2019/5/18,4527906,2019
2583,6692,002579.SZ,2018/3/28,4986731,2018
2590,5970,002579.SZ,2018/9/11,43012590.62,2018
2592,4920,002582.SZ,2018/12/6,4036469,2018
2604,378,002582.SZ,2019/10/9,116168069.2,2019
2606,4782,002587.SZ,2018/12/20,2444196,2018
2616,377,002587.SZ,2019/10/9,31918883.05,2019
2621,2285,002589.SZ,2019/5/9,9057791.5,2019
2623,1852,002589.SZ,2019/6/5,60399950.8,2019
2629,6791,002591.SZ,2018/2/2,394100,2018
2646,898,002591.SZ,2019/8/22,6955746.96,2019
2648,6407,002592.SZ,2018/7/5,18441399.68,2018
2659,4781,002592.SZ,2018/12/20,193167744.3,2018
2663,3159,002593.SZ,2019/3/16,1113932.08,2019
2671,7071,002597.SZ,2016/1/5,37745217.02,2016
2673,7056,002597.SZ,2016/1/19,1739361.52,2016
2675,6170,002597.SZ,2018/8/16,80600036.04,2018
2676,6118,002597.SZ,2018/9/1,19192147.4,2018
2678,2213,002597.SZ,2019/5/17,3836264,2019
2685,65,002597.SZ,2019/11/2,139408576.4,2019
2687,6161,002599.SZ,2018/8/21,996211,2018
2699,6951,002601.SZ,2017/4/6,149941650.9,2017
2705,6906,002601.SZ,2017/8/24,400866970.3,2017
2707,6009,002601.SZ,2018/9/5,23013271.57,2018
2714,4137,002601.SZ,2019/1/29,750108799.7,2019
2716,5370,002602.SZ,2018/11/12,212746574.9,2018
2729,374,002602.SZ,2019/10/9,1581175974,2019
2732,4847,002603.SZ,2018/12/13,4808185,2018
2744,64,002603.SZ,2019/11/2,150013213.8,2019
2749,1768,002605.SZ,2019/6/14,4998869.44,2019
2754,6695,002609.SZ,2018/3/27,24485279.08,2018
2768,6957,002610.SZ,2017/3/24,31950110.54,2017
2769,6955,002610.SZ,2017/3/25,17681944.66,2017
2782,5725,002611.SZ,2018/10/11,10400300,2018
2794,1275,002611.SZ,2019/7/30,160000000,2019
2799,5752,002614.SZ,2018/10/10,6571759.68,2018
2812,530,002614.SZ,2019/9/17,100029900,2019
2815,3203,002617.SZ,2019/3/9,9996297,2019
2817,2740,002617.SZ,2019/4/4,15098492.86,2019
2819,6166,002619.SZ,2018/8/17,1983970,2018
2831,1450,002619.SZ,2019/7/3,30011327.4,2019
2833,6209,002624.SZ,2018/8/8,19997231.12,2018
2846,1274,002624.SZ,2019/7/30,549634912,2019
2849,507,002624.SZ,2019/9/21,2013357,2019
2854,4380,002626.SZ,2019/1/4,952435.88,2019
2866,62,002626.SZ,2019/11/2,95778465.49,2019
2873,1767,002634.SZ,2019/6/14,1929630.56,2019
2880,5330,002635.SZ,2018/11/17,7999715.79,2018
2883,7061,002653.SZ,2016/1/8,112135800.1,2016
2884,7043,002653.SZ,2016/2/3,87755852.19,2016
2893,4883,002658.SZ,2018/12/8,633420,2018
2904,367,002658.SZ,2019/10/9,80878331.43,2019
2908,6415,002661.SZ,2018/7/4,1057518,2018
2926,2738,002665.SZ,2019/4/4,22834655.56,2019
2932,365,002665.SZ,2019/10/9,18765229.7,2019
2935,1757,002669.SZ,2019/6/15,1855346.8,2019
2941,155,002669.SZ,2019/10/31,38145297,2019
2943,6712,002670.SZ,2018/3/22,52229658.59,2018
2949,6116,002670.SZ,2018/9/1,109048195.2,2018
2964,5074,002681.SZ,2018/12/4,7965462.07,2018
2974,59,002681.SZ,2019/11/2,99991644.89,2019
2976,3118,002687.SZ,2019/3/25,1317114,2019
2980,2181,002687.SZ,2019/5/22,31316636.32,2019
2991,6694,002701.SZ,2018/3/27,36952000,2018
2997,6146,002701.SZ,2018/8/27,87699363.61,2018
2999,5891,002705.SZ,2018/9/28,3240581.36,2018
3005,4246,002705.SZ,2019/1/14,99992678.76,2019
3007,5214,002706.SZ,2018/11/30,359100,2018
3015,2455,002706.SZ,2019/5/7,100085613.9,2019
3017,4283,002712.SZ,2019/1/9,3024600,2019
3033,137,002712.SZ,2019/11/1,247185661.6,2019
3037,3115,002719.SZ,2019/3/26,260600,2019
3040,1848,002719.SZ,2019/6/5,99672566,2019
3048,1984,002733.SZ,2019/6/4,4995255,2019
3053,6880,002734.SZ,2017/10/10,16229444.76,2017
3058,1846,002747.SZ,2019/6/5,4792924,2019
3062,564,002747.SZ,2019/9/7,54845173.07,2019
3064,5750,002751.SZ,2018/10/10,6519390,2018
3074,548,002751.SZ,2019/9/11,14978179,2019
3077,5583,002772.SZ,2018/11/1,4999489,2018
3082,4833,002772.SZ,2018/12/14,94991364.2,2018
3084,2168,002772.SZ,2019/5/24,930656,2019
3091,6114,002775.SZ,2018/9/1,6581496.68,2018
3099,6485,002776.SZ,2018/6/21,25367248.63,2018
3101,952,002776.SZ,2019/8/9,34199169.04,2019
3104,3663,002791.SZ,2019/2/21,937062,2019
3109,2658,002791.SZ,2019/4/30,99028626.29,2019
3111,2236,002798.SZ,2019/5/15,6378170,2019
3112,2167,002798.SZ,2019/5/24,93527230,2019
3114,6666,002802.SZ,2018/4/3,299176.07,2018
3121,5972,002802.SZ,2018/9/10,31618433.43,2018
3123,4845,002802.SZ,2018/12/13,1492161.78,2018
3136,6803,002803.SZ,2018/1/27,20046340.83,2018
3140,6707,002803.SZ,2018/3/23,63161530.27,2018
3143,154,002818.SZ,2019/10/31,1229498.4,2019
3151,5228,002831.SZ,2018/11/29,5178120,2018
3155,3237,002831.SZ,2019/3/6,100000332.4,2019
3160,506,002831.SZ,2019/9/21,2007603.6,2019
3162,4273,002832.SZ,2019/1/10,1364494.4,2019
3168,1766,002832.SZ,2019/6/14,89617380.93,2019
3172,4860,002833.SZ,2018/12/12,3405778,2018
3177,2709,002833.SZ,2019/4/9,40001737.54,2019
3179,4916,002845.SZ,2018/12/6,597400,2018
3190,170,002845.SZ,2019/10/29,9997115,2019
3192,3145,002852.SZ,2019/3/20,4506272.09,2019
3202,4057,002858.SZ,2019/2/1,311910,2019
3211,2,002858.SZ,2019/11/4,6626611,2019
3214,169,002859.SZ,2019/10/29,5107976,2019
3215,135,002859.SZ,2019/11/1,12107213,2019
3217,6148,002861.SZ,2018/8/25,559930,2018
3232,964,002861.SZ,2019/8/7,69699188,2019
3238,4780,002873.SZ,2018/12/20,5720614.1,2018
3244,2100,002873.SZ,2019/6/3,25498647.29,2019
3248,355,002873.SZ,2019/10/9,1050313.26,2019
3249,55,002873.SZ,2019/11/2,2453462.06,2019
3252,2212,002879.SZ,2019/5/17,1990260.85,2019
3260,54,002879.SZ,2019/11/2,109457443.9,2019
3262,5193,002884.SZ,2018/12/1,167365,2018
3266,4165,002884.SZ,2019/1/24,75005232.53,2019
3268,4116,002900.SZ,2019/1/31,5686149.34,2019
3279,352,002900.SZ,2019/10/9,77179592.68,2019
3281,1750,002906.SZ,2019/6/18,1220536,2019
3285,351,002906.SZ,2019/10/9,32214894.38,2019
3287,4844,002909.SZ,2018/12/13,8472672.6,2018
3293,2680,002909.SZ,2019/4/19,30884551.4,2019
3295,1773,002925.SZ,2019/6/13,6609229.58,2019
3300,458,002925.SZ,2019/10/8,94705118.72,2019
3302,4758,300003.SZ,2018/12/21,15959700,2018
3313,134,300003.SZ,2019/11/1,254282100,2019
3315,6499,300005.SZ,2018/6/15,10927834.72,2018
3327,2146,300005.SZ,2019/5/29,31119590.58,2019
3331,4224,300017.SZ,2019/1/17,65005110.61,2019
3345,4960,300019.SZ,2018/12/5,124287,2018
3352,2194,300019.SZ,2019/5/21,21510733.96,2019
3354,6469,300021.SZ,2018/6/28,49980000,2018
3356,4896,300024.SZ,2018/12/7,9864726.3,2018
3358,4114,300024.SZ,2019/1/31,139974473.5,2019
3360,5336,300026.SZ,2018/11/16,5120434,2018
3371,880,300026.SZ,2019/8/27,117128539.5,2019
3373,6349,300031.SZ,2018/7/25,51955897.18,2018
3387,1438,300031.SZ,2019/7/3,152058788,2019
3391,3719,300039.SZ,2019/2/13,4072805,2019
3402,132,300039.SZ,2019/11/1,91272530.81,2019
3404,4821,300041.SZ,2018/12/15,5277508,2018
3409,2952,300041.SZ,2019/4/2,31050694.87,2019
3411,2445,300041.SZ,2019/5/7,5045015,2019
3412,2273,300041.SZ,2019/5/10,44962178.59,2019
3414,1789,300041.SZ,2019/6/11,4791803,2019
3422,53,300041.SZ,2019/11/2,145224080.6,2019
3424,5191,300049.SZ,2018/12/1,3315946.1,2018
3431,2203,300049.SZ,2019/5/18,66987539.59,2019
3433,4669,300053.SZ,2018/12/29,9781392,2018
3443,348,300053.SZ,2019/10/9,30367170.8,2019
3445,6479,300054.SZ,2018/6/22,32374534,2018
3462,2160,300054.SZ,2019/5/25,302976028.4,2019
3465,542,300056.SZ,2019/9/12,881861.48,2019
3467,131,300056.SZ,2019/11/1,26109848.05,2019
3469,1308,300058.SZ,2019/7/22,20430819,2019
3474,130,300058.SZ,2019/11/1,127163533.4,2019
3476,6246,300061.SZ,2018/8/3,1641812.5,2018
3486,3235,300061.SZ,2019/3/6,99984981.56,2019
3488,6699,300065.SZ,2018/3/24,11661101.04,2018
3508,4832,300065.SZ,2018/12/14,77935194.46,2018
3510,5593,300067.SZ,2018/10/31,10539484.2,2018
3523,234,300067.SZ,2019/10/10,50040180.53,2019
3532,4282,300081.SZ,2019/1/9,6249192.2,2019
3541,547,300081.SZ,2019/9/11,14795310.74,2019
3543,3193,300087.SZ,2019/3/12,8181787.43,2019
3553,128,300087.SZ,2019/11/1,110238348.9,2019
3555,6557,300089.SZ,2018/6/1,1007389,2018
3558,6400,300089.SZ,2018/7/6,73080804.18,2018
3563,6477,300095.SZ,2018/6/22,4097741.84,2018
3573,3603,300095.SZ,2019/3/1,41045985.61,2019
3575,5924,300097.SZ,2018/9/20,5983171.2,2018
3591,563,300097.SZ,2019/9/7,155548939.2,2019
3593,6126,300098.SZ,2018/8/31,3750000,2018
3600,6516,300109.SZ,2018/6/6,146451.6,2018
3607,4956,300109.SZ,2018/12/5,100351375.1,2018
3610,5690,300113.SZ,2018/10/15,6469094.68,2018
3624,515,300113.SZ,2019/9/19,250088378.5,2019
3627,1725,300114.SZ,2019/6/20,2880528.73,2019
3632,52,300114.SZ,2019/11/2,32712877.69,2019
3634,5444,300115.SZ,2018/11/3,2686477,2018
3640,2948,300115.SZ,2019/4/2,121177801.7,2019
3642,5902,300118.SZ,2018/9/26,7513385.68,2018
3656,853,300118.SZ,2019/9/2,250114291.1,2019
3658,4187,300119.SZ,2019/1/22,5179171.6,2019
3667,7064,300122.SZ,2016/1/6,99508711.42,2016
3681,5981,300125.SZ,2018/9/7,2212049,2018
3688,3647,300125.SZ,2019/2/25,46089667.97,2019
3691,4831,300130.SZ,2018/12/14,1003765.03,2018
3700,6950,300131.SZ,2017/4/20,64520774.55,2017
3704,6933,300131.SZ,2017/6/9,35461285.4,2017
3706,5698,300137.SZ,2018/10/13,10830773.2,2018
3712,3600,300137.SZ,2019/3/1,45470567.77,2019
3715,4686,300138.SZ,2018/12/28,3208559.38,2018
3726,127,300138.SZ,2019/11/1,10611611.54,2019
3728,5270,300145.SZ,2018/11/26,26675224.3,2018
3741,6776,300147.SZ,2018/2/7,42636198.22,2018
3743,4732,300147.SZ,2018/12/25,29250101.74,2018
3745,6896,300148.SZ,2017/9/5,31678292,2017
3759,6169,300148.SZ,2018/8/16,277497534.9,2018
3766,2174,300151.SZ,2019/5/23,1124700,2019
3773,5969,300159.SZ,2018/9/11,2911500,2018
3778,4258,300159.SZ,2019/1/11,101032030.8,2019
3780,4306,300168.SZ,2019/1/5,3283437.6,2019
3791,126,300168.SZ,2019/11/1,26700827.65,2019
3793,6125,300179.SZ,2018/8/31,1992766,2018
3800,4186,300179.SZ,2019/1/22,20246648.4,2019
3803,1328,300179.SZ,2019/7/17,999541,2019
3806,229,300179.SZ,2019/10/10,14281003.37,2019
3808,3822,300184.SZ,2019/2/11,3022587,2019
3810,3175,300184.SZ,2019/3/14,26964361.27,2019
3812,2180,300184.SZ,2019/5/22,5875455.6,2019
3814,6187,300190.SZ,2018/8/10,19969052.2,2018
3823,4193,300190.SZ,2019/1/21,155405878.1,2019
3825,5922,300193.SZ,2018/9/20,2999359,2018
3841,873,300193.SZ,2019/8/29,255801605.1,2019
3843,6507,300195.SZ,2018/6/12,3041296.82,2018
3859,6737,300196.SZ,2018/3/13,3479976.7,2018
3865,6389,300196.SZ,2018/7/10,96525869.73,2018
3867,6208,300196.SZ,2018/8/8,1336167.18,2018
3879,1295,300196.SZ,2019/7/25,57574675.35,2019
3881,6574,300199.SZ,2018/5/18,20072076,2018
3895,125,300199.SZ,2019/11/1,285299947.8,2019
3897,6698,300201.SZ,2018/3/24,8537056.99,2018
3904,6138,300201.SZ,2018/8/29,76685289.27,2018
3906,5323,300203.SZ,2018/11/19,15082007,2018
3918,153,300203.SZ,2019/10/31,161972758.8,2019
3920,5227,300204.SZ,2018/11/29,1118471.2,2018
3931,452,300204.SZ,2019/10/8,82684773.32,2019
3933,5607,300206.SZ,2018/10/30,993549,2018
3945,510,300206.SZ,2019/9/20,20841141.85,2019
3952,2091,300207.SZ,2019/6/3,6310121,2019
3956,535,300207.SZ,2019/9/16,194692132.7,2019
3958,6588,300209.SZ,2018/5/7,4997876.32,2018
3970,3372,300209.SZ,2019/3/4,93818594.24,2019
3973,6564,300213.SZ,2018/5/30,3581237,2018
3984,3174,300213.SZ,2019/3/14,31522509.02,2019
3988,5575,300214.SZ,2018/11/1,2963489,2018
4000,6742,300219.SZ,2018/3/9,5772302,2018
4003,6619,300219.SZ,2018/5/3,56410909.63,2018
4005,6275,300221.SZ,2018/8/2,7562486,2018
4017,1363,300221.SZ,2019/7/5,20072415.95,2019
4020,4495,300224.SZ,2019/1/3,1457827.21,2019
4030,180,300224.SZ,2019/10/25,110826786.1,2019
4032,4242,300231.SZ,2019/1/15,5200338.9,2019
4047,124,300231.SZ,2019/11/1,165040834.7,2019
4050,1723,300232.SZ,2019/6/20,2075820.6,2019
4055,123,300232.SZ,2019/11/1,37925021.44,2019
4058,6004,300233.SZ,2018/9/5,4842609,2018
4063,4251,300233.SZ,2019/1/12,40001130.63,2019
4066,1433,300233.SZ,2019/7/3,4944049,2019
4071,4235,300234.SZ,2019/1/16,3212224,2019
4086,122,300234.SZ,2019/11/1,85921895.57,2019
4089,4790,300236.SZ,2018/12/19,9318956.62,2018
4094,2664,300236.SZ,2019/4/26,39986206.9,2019
4096,4135,300237.SZ,2019/1/29,19949600,2019
4106,6977,300244.SZ,2016/12/28,29402000,2016
4108,6954,300244.SZ,2017/3/28,156539800,2017
4110,5675,300250.SZ,2018/10/17,1956610,2018
4118,2676,300250.SZ,2019/4/20,41143272.44,2019
4120,6888,300252.SZ,2017/9/23,4371532,2017
4123,6857,300252.SZ,2017/11/6,15709271,2017
4125,3211,300252.SZ,2019/3/8,695000,2019
4129,1661,300252.SZ,2019/7/1,10936500,2019
4131,4871,300259.SZ,2018/12/11,2005440,2018
4142,448,300259.SZ,2019/10/8,17287479.92,2019
4147,3130,300263.SZ,2019/3/22,16804252,2019
4155,6942,300269.SZ,2017/5/22,10111492.98,2017
4159,6892,300269.SZ,2017/9/14,229888030.9,2017
4161,1298,300270.SZ,2019/7/24,465095,2019
4165,51,300270.SZ,2019/11/2,995080,2019
4168,4912,300279.SZ,2018/12/6,993250,2018
4180,121,300279.SZ,2019/11/1,29993739.4,2019
4182,5309,300286.SZ,2018/11/21,5453804,2018
4188,6186,300289.SZ,2018/8/10,831391.53,2018
4199,4820,300294.SZ,2018/12/15,893487.1,2018
4205,2568,300294.SZ,2019/5/6,199963593.7,2019
4208,2655,300295.SZ,2019/4/30,8997332.6,2019
4210,2310,300295.SZ,2019/5/8,2160074.14,2019
4212,4731,300296.SZ,2018/12/25,23237651.96,2018
4222,447,300296.SZ,2019/10/8,172814325.9,2019
4233,949,300297.SZ,2019/8/9,2199192,2019
4237,907,300298.SZ,2019/8/21,11770413.48,2019
4239,338,300298.SZ,2019/10/9,28197992.53,2019
4241,6837,300300.SZ,2017/12/6,9836408,2017
4248,6706,300300.SZ,2018/3/23,152969182.1,2018
4250,5933,300305.SZ,2018/9/18,842490,2018
4264,1285,300305.SZ,2019/7/26,78487300,2019
4267,1327,300308.SZ,2019/7/17,3281000,2019
4271,6963,300311.SZ,2017/3/4,10053174,2017
4273,6958,300311.SZ,2017/3/21,89926399,2017
4275,3165,300315.SZ,2019/3/15,825000,2019
4283,337,300315.SZ,2019/10/9,103738070.9,2019
4285,6809,300324.SZ,2018/1/18,22842141.97,2018
4297,4490,300324.SZ,2019/1/3,207652493.3,2019
4299,3172,300326.SZ,2019/3/14,4175512,2019
4307,120,300326.SZ,2019/11/1,82783948.42,2019
4309,940,300335.SZ,2019/8/12,1434429,2019
4311,445,300335.SZ,2019/10/8,3592744,2019
4313,5211,300339.SZ,2018/11/30,9041911,2018
4322,5909,300342.SZ,2018/9/22,3857532.95,2018
4326,4830,300342.SZ,2018/12/14,75734548.91,2018
4328,5500,300346.SZ,2018/11/2,1666679.54,2018
4337,4894,300347.SZ,2018/12/7,50687795.13,2018
4342,3138,300347.SZ,2019/3/21,310005110,2019
4344,4025,300360.SZ,2019/2/1,708459,2019
4355,335,300360.SZ,2019/10/9,119505599.7,2019
4357,6274,300363.SZ,2018/8/2,3369255,2018
4381,4234,300363.SZ,2019/1/16,76204794.46,2019
4383,4024,300366.SZ,2019/2/1,6433000,2019
4386,3122,300366.SZ,2019/3/23,44130600,2019
4388,6780,300371.SZ,2018/2/5,10165129.5,2018
4391,6725,300371.SZ,2018/3/16,39607958.79,2018
4393,152,300371.SZ,2019/10/31,2804429.58,2019
4396,4164,300373.SZ,2019/1/24,4999519,2019
4404,841,300373.SZ,2019/9/2,49922032.7,2019
4406,6642,300375.SZ,2018/4/17,13502000,2018
4408,6580,300375.SZ,2018/5/16,36516438,2018
4410,2232,300378.SZ,2019/5/15,4877604,2019
4416,50,300378.SZ,2019/11/2,25128375.36,2019
4418,5885,300379.SZ,2018/9/29,40464342.31,2018
4424,6962,300382.SZ,2017/3/10,3067200,2017
4426,6956,300382.SZ,2017/3/24,71930819.8,2017
4429,5708,300382.SZ,2018/10/12,1088328,2018
4436,3171,300382.SZ,2019/3/14,40008549,2019
4439,6705,300384.SZ,2018/3/23,3998889,2018
4446,6090,300384.SZ,2018/9/3,27109111,2018
4448,6334,300393.SZ,2018/7/27,36430797.49,2018
4462,1315,300393.SZ,2019/7/19,100009772.9,2019
4464,5572,300396.SZ,2018/11/1,1960597,2018
4475,333,300396.SZ,2019/10/9,25094447.4,2019
4477,4128,300400.SZ,2019/1/30,6484789,2019
4488,444,300400.SZ,2019/10/8,90271516.6,2019
4490,879,300401.SZ,2019/8/27,3718113,2019
4494,6763,300406.SZ,2018/3/1,9950797.94,2018
4499,5988,300415.SZ,2018/9/6,1855099.73,2018
4512,937,300415.SZ,2019/8/13,33713310.21,2019
4514,4668,300416.SZ,2018/12/29,2761759,2018
4527,1,300416.SZ,2019/11/4,64440121.12,2019
4529,3192,300417.SZ,2019/3/12,1809267,2019
4539,5912,300418.SZ,2018/9/21,10891088.9,2018
4554,552,300418.SZ,2019/9/10,300268373.3,2019
4556,5949,300421.SZ,2018/9/14,637948.86,2018
4566,2653,300421.SZ,2019/4/30,40999185.67,2019
4568,6926,300438.SZ,2017/7/3,8820454.79,2017
4575,6798,300438.SZ,2018/2/1,49953422.24,2018
4579,3222,300438.SZ,2019/3/7,717311,2019
4587,443,300438.SZ,2019/10/8,26904339.95,2019
4589,5276,300440.SZ,2018/11/24,3054461,2018
4597,2248,300440.SZ,2019/5/14,40014284,2019
4599,1765,300447.SZ,2019/6/14,6152081.1,2019
4602,1333,300447.SZ,2019/7/16,53852666.7,2019
4604,4717,300448.SZ,2018/12/26,7997943.38,2018
4614,6932,300451.SZ,2017/6/13,98006926.54,2017
4615,6931,300451.SZ,2017/6/21,21393192.23,2017
4617,2247,300452.SZ,2019/5/14,418950,2019
4622,442,300452.SZ,2019/10/8,19635152.34,2019
4624,5269,300459.SZ,2018/11/26,4848729,2018
4637,6786,300463.SZ,2018/2/2,67579,2018
4641,6744,300463.SZ,2018/3/8,130717395.5,2018
4643,4949,300469.SZ,2018/12/5,6462926.4,2018
4654,119,300469.SZ,2019/11/1,14997799.42,2019
4656,2425,300482.SZ,2019/5/7,8485361.4,2019
4659,1319,300482.SZ,2019/7/18,21700579.24,2019
4662,6132,300484.SZ,2018/8/30,967487,2018
4668,4250,300484.SZ,2019/1/12,10064703.39,2019
4672,5959,300492.SZ,2018/9/12,403872,2018
4674,5410,300492.SZ,2018/11/5,9619229,2018
4676,4754,300492.SZ,2018/12/21,431174,2018
4680,2927,300492.SZ,2019/4/2,1671023,2019
4682,4730,300497.SZ,2018/12/25,3100690,2018
4696,118,300497.SZ,2019/11/1,100002352.1,2019
4699,2306,300522.SZ,2019/5/8,8960779.2,2019
4702,2155,300522.SZ,2019/5/27,41038683.62,2019
4704,3572,300527.SZ,2019/3/1,1987290,2019
4708,1803,300527.SZ,2019/6/6,51017817.65,2019
4712,5633,300582.SZ,2018/10/29,9550,2018
4720,3096,300582.SZ,2019/3/29,56127179.8,2019
4722,4240,300608.SZ,2019/1/15,1821313.32,2019
4726,2679,300608.SZ,2019/4/19,2176311.64,2019
4728,4695,300609.SZ,2018/12/27,1647930.36,2018
4735,2132,300609.SZ,2019/5/31,32098779.44,2019
4739,3157,300611.SZ,2019/3/16,1960152,2019
4746,224,300611.SZ,2019/10/10,3510668,2019
4748,5409,300612.SZ,2018/11/5,7960370.75,2018
4752,4111,300612.SZ,2019/1/31,48875219.48,2019
4755,4478,300617.SZ,2019/1/3,2813097,2019
4767,117,300617.SZ,2019/11/1,47685077.11,2019
4769,4011,300625.SZ,2019/2/1,3445700,2019
4775,1748,300625.SZ,2019/6/18,51487287.52,2019
4777,6271,300639.SZ,2018/8/2,9777744.07,2018
4784,4684,300639.SZ,2018/12/28,70079549.01,2018
4786,6160,300641.SZ,2018/8/21,1027363.5,2018
4788,5742,300641.SZ,2018/10/10,18984401.29,2018
4790,1353,300650.SZ,2019/7/10,2533559.5,2019
4794,439,300650.SZ,2019/10/8,17652413.77,2019
4797,3893,300665.SZ,2019/2/2,2929000,2019
4805,868,300665.SZ,2019/8/30,17076900,2019
4811,1943,300689.SZ,2019/6/4,507125,2019
4813,1537,300689.SZ,2019/7/2,2997294,2019
4817,174,300689.SZ,2019/10/28,4412836,2019
4819,5226,300690.SZ,2018/11/29,5135315.9,2018
4822,4714,300690.SZ,2018/12/26,31570745.23,2018
4824,4177,300707.SZ,2019/1/23,501300,2019
4828,2668,300707.SZ,2019/4/25,10967316,2019
4830,2422,300721.SZ,2019/5/7,9246823,2019
4831,2282,300721.SZ,2019/5/9,5866969.17,2019
4833,2165,300723.SZ,2019/5/24,1011984,2019
4839,115,300723.SZ,2019/11/1,48974108.58,2019
4843,2421,300736.SZ,2019/5/7,1380000,2019
4849,514,300736.SZ,2019/9/19,13631252,2019
4851,6185,300737.SZ,2018/8/10,96736000,2018
4855,114,300737.SZ,2019/11/1,47492559.24,2019
4858,1831,300740.SZ,2019/6/5,8778087.05,2019
4866,905,300740.SZ,2019/8/21,200215897,2019
4869,1830,600031.SH,2019/6/5,215080408.7,2019
4872,888,600031.SH,2019/8/24,603904972,2019
4879,955,600052.SH,2019/8/8,2915812.75,2019
4881,328,600052.SH,2019/10/9,595073.34,2019
4886,3662,600055.SH,2019/2/21,790300,2019
4895,49,600055.SH,2019/11/2,42413900,2019
4898,2698,600067.SH,2019/4/11,1710667,2019
4906,1764,600067.SH,2019/6/14,498188648.9,2019
4908,5567,600070.SH,2018/11/1,11013262.96,2018
4915,2681,600070.SH,2019/4/18,100217900,2019
4928,1797,600090.SH,2019/6/7,991900,2019
4934,596,600098.SH,2019/9/4,3019002.08,2019
4936,222,600098.SH,2019/10/10,53633527.96,2019
4939,4753,600114.SH,2018/12/21,5381807.9,2018
4954,47,600114.SH,2019/11/2,197997800,2019
4957,595,600136.SH,2019/9/4,346123,2019
4958,476,600136.SH,2019/10/1,17641477,2019
4961,4694,600143.SH,2018/12/27,24155168.02,2018
4970,1780,600143.SH,2019/6/12,409795360.6,2019
4972,1531,600143.SH,2019/7/2,19999077.74,2019
4977,46,600143.SH,2019/11/2,707481319.4,2019
4979,6304,600155.SH,2018/8/1,2990364.99,2018
4994,1362,600155.SH,2019/7/5,499998524.8,2019
4997,1935,600160.SH,2019/6/4,36299500,2019
5002,45,600160.SH,2019/11/2,89993280,2019
5004,2414,600166.SH,2019/5/7,79805011,2019
5011,6196,600173.SH,2018/8/9,11982503,2018
5019,4133,600173.SH,2019/1/29,109996490.8,2019
5021,1779,600177.SH,2019/6/12,32714207.24,2019
5030,4683,600185.SH,2018/12/28,39544308.83,2018
5034,4110,600185.SH,2019/1/31,215163735.8,2019
5036,3669,600185.SH,2019/2/20,7331813.32,2019
5040,3136,600185.SH,2019/3/21,232134592.7,2019
5042,3107,600185.SH,2019/3/28,14360000,2019
5046,1933,600185.SH,2019/6/4,186383100,2019
5048,1762,600185.SH,2019/6/14,46674200,2019
5055,187,600185.SH,2019/10/22,168931000,2019
5057,6195,600187.SH,2018/8/9,5993128.12,2018
5071,1271,600187.SH,2019/7/30,120527510.6,2019
5074,2916,600190.SH,2019/4/2,8798570,2019
5078,1351,600190.SH,2019/7/10,28331530,2019
5080,2647,600197.SH,2019/5/1,11944216.98,2019
5085,322,600197.SH,2019/10/9,103055283,2019
5092,1687,600200.SH,2019/6/29,3998584,2019
5097,112,600200.SH,2019/11/1,4999339,2019
5099,5952,600201.SH,2018/9/13,9995428,2018
5105,3673,600201.SH,2019/2/19,178948363.6,2019
5107,1270,600201.SH,2019/7/30,9561922.72,2019
5111,7022,600208.SH,2016/3/26,93816500,2016
5118,6995,600208.SH,2016/6/29,1873183500,2016
5121,3210,600208.SH,2019/3/8,50337500,2019
5130,43,600208.SH,2019/11/2,446372600,2019
5132,2662,600211.SH,2019/4/27,5320435.62,2019
5140,42,600211.SH,2019/11/2,79684994.35,2019
5142,4819,600216.SH,2018/12/15,7064378,2018
5148,2151,600216.SH,2019/5/28,59976676.48,2019
5150,3760,600222.SH,2019/2/12,6590459.04,2019
5163,41,600222.SH,2019/11/2,118665406.7,2019
5166,4270,600226.SH,2019/1/10,8084182.84,2019
5172,2190,600226.SH,2019/5/21,41974410.23,2019
5175,5305,600232.SH,2018/11/21,3321335.97,2018
5189,193,600232.SH,2019/10/16,40040000,2019
5193,4269,600251.SH,2019/1/10,1041170,2019
5197,2645,600251.SH,2019/5/1,41960530,2019
5199,1761,600252.SH,2019/6/14,10372859,2019
5204,40,600252.SH,2019/11/2,76939675.48,2019
5206,887,600256.SH,2019/8/24,20323813.6,2019
5209,220,600260.SH,2019/10/10,9996663.2,2019
5211,1722,600261.SH,2019/6/20,18132075,2019
5217,39,600261.SH,2019/11/2,67044054.59,2019
5219,6876,600273.SH,2017/10/11,20748580,2017
5230,6113,600273.SH,2018/9/1,498496330.9,2018
5232,4221,600273.SH,2019/1/17,6222195.5,2019
5241,1360,600273.SH,2019/7/6,394459706.7,2019
5243,6832,600280.SH,2017/12/23,25205915.35,2017
5245,6812,600280.SH,2018/1/13,82514170.02,2018
5247,5663,600280.SH,2018/10/20,4944652.72,2018
5260,500,600280.SH,2019/9/24,33743397.4,2019
5266,6388,600285.SH,2018/7/10,9952353.37,2018
5269,5967,600285.SH,2018/9/11,40683173.05,2018
5271,5591,600285.SH,2018/10/31,5044135,2018
5287,475,600285.SH,2019/10/1,152848514.1,2019
5289,6194,600293.SH,2018/8/9,9993556.17,2018
5303,219,600293.SH,2019/10/10,9993556.17,2019
5305,6328,600297.SH,2018/7/28,29992816.74,2018
5312,4185,600297.SH,2019/1/22,208113744.6,2019
5314,5966,600300.SH,2018/9/11,4290604.09,2018
5328,6847,600318.SH,2017/11/30,25381683.86,2017
5334,6751,600318.SH,2018/3/3,201457816.9,2018
5337,5295,600318.SH,2018/11/22,11215370.1,2018
5338,5236,600318.SH,2018/11/28,28003113.64,2018
5340,5662,600330.SH,2018/10/20,7500924.48,2018
5346,3640,600330.SH,2019/2/26,80001298.1,2019
5348,7036,600337.SH,2016/3/1,4999385.67,2016
5359,6570,600337.SH,2018/5/24,127786853.1,2018
5361,6141,600337.SH,2018/8/28,14867668.87,2018
5382,5294,600346.SH,2018/11/22,44232333.19,2018
5395,38,600346.SH,2019/11/2,1240709430,2019
5397,6168,600351.SH,2018/8/16,1677053,2018
5404,4127,600351.SH,2019/1/30,113018411.3,2019
5406,4742,600352.SH,2018/12/22,83858975.54,2018
5414,2139,600352.SH,2019/5/30,680933280.5,2019
5418,6566,600353.SH,2018/5/29,2617188.11,2018
5426,5975,600353.SH,2018/9/8,96499530.14,2018
5428,4300,600366.SH,2019/1/5,4377137,2019
5436,1760,600366.SH,2019/6/14,107186687.6,2019
5441,2395,600372.SH,2019/5/7,30502935.25,2019
5447,37,600372.SH,2019/11/2,110489866.8,2019
5451,4347,600373.SH,2019/1/4,8244380.22,2019
5462,36,600373.SH,2019/11/2,290425370.5,2019
5465,5491,600388.SH,2018/11/2,31337091.76,2018
5466,5399,600388.SH,2018/11/6,28662064.97,2018
5469,5257,600392.SH,2018/11/27,2735825.4,2018
5476,2697,600392.SH,2019/4/11,21438234.05,2019
5478,4682,600398.SH,2018/12/28,16371701.31,2018
5486,1746,600398.SH,2019/6/18,667221114.1,2019
5488,591,600398.SH,2019/9/4,11282404,2019
5490,111,600398.SH,2019/11/1,120826723.1,2019
5492,6353,600400.SH,2018/7/24,46048347.2,2018
5503,4249,600400.SH,2019/1/12,394895107.5,2019
5506,499,600400.SH,2019/9/24,2114155,2019
5508,6806,600405.SH,2018/1/23,939500,2018
5514,6470,600405.SH,2018/6/27,34051985.22,2018
5517,5786,600410.SH,2018/10/9,9784238.18,2018
5529,6918,600422.SH,2017/7/15,29599193.4,2017
5531,6904,600422.SH,2017/8/30,57264374.03,2017
5533,6641,600422.SH,2018/4/24,185400,2018
5545,2301,600422.SH,2019/5/8,7895871.41,2019
5547,1694,600433.SH,2019/6/28,3063040,2019
5552,110,600433.SH,2019/11/1,79701616.34,2019
5562,5235,600468.SH,2018/11/28,3665301.75,2018
5571,2200,600468.SH,2019/5/18,191068331,2019
5573,3672,600469.SH,2019/2/19,3498950,2019
5582,35,600469.SH,2019/11/2,27171290.9,2019
5586,4712,600478.SH,2018/12/26,3297164,2018
5597,182,600478.SH,2019/10/24,24222100,2019
5599,5430,600482.SH,2018/11/3,31014268.57,2018
5611,1336,600482.SH,2019/7/15,499998300,2019
5613,1718,600487.SH,2019/6/21,24940612.76,2019
5619,4751,600490.SH,2018/12/21,24520769,2018
5623,3181,600490.SH,2019/3/13,77122848.26,2019
5625,5329,600499.SH,2018/11/17,9782891,2018
5632,5490,600510.SH,2018/11/2,9296324,2018
5647,4692,600522.SH,2018/12/27,261515,2018
5659,33,600522.SH,2019/11/2,412235376.6,2019
5672,5927,600535.SH,2018/9/19,17749620.95,2018
5679,491,600545.SH,2019/9/26,21655229.36,2019
5682,4681,600551.SH,2018/12/28,3227442,2018
5689,5328,600557.SH,2018/11/17,6318344.88,2018
5696,2269,600567.SH,2019/5/10,49991459.75,2019
5704,5706,600572.SH,2018/10/12,18104488.39,2018
5719,490,600572.SH,2019/9/26,585149682.9,2019
5721,6235,600577.SH,2018/8/3,6824567.16,2018
5728,4184,600577.SH,2019/1/22,112470197.6,2019
5731,929,600579.SH,2019/8/15,1027735,2019
5733,524,600579.SH,2019/9/18,1071063,2019
5735,4341,600586.SH,2019/1/4,3134648,2019
5742,2171,600586.SH,2019/5/23,98824923.39,2019
5744,4278,600588.SH,2019/1/9,81678411.58,2019
5751,1373,600588.SH,2019/7/4,387398606.3,2019
5753,6878,600590.SH,2017/10/10,119935974.6,2017
5756,1283,600603.SH,2019/7/26,13289760.92,2019
5764,30,600603.SH,2019/11/2,250334101.4,2019
5772,6159,600633.SH,2018/8/21,2605785.82,2018
5781,4218,600633.SH,2019/1/17,307662700,2019
5786,5721,600641.SH,2018/10/11,16726738.6,2018
5803,109,600641.SH,2019/11/1,303137761.3,2019
5805,3671,600661.SH,2019/2/19,1075248,2019
5818,4126,600673.SH,2019/1/30,20762514.94,2019
5830,299,600673.SH,2019/10/9,578800985.1,2019
5832,4209,600681.SH,2019/1/18,6206331,2019
5843,7070,600690.SH,2016/1/5,47396706.7,2016
5846,2170,600693.SH,2019/5/23,3976679,2019
5852,1282,600693.SH,2019/7/26,146001891.4,2019
5854,1332,600696.SH,2019/7/16,4290600,2019
5857,6502,600699.SH,2018/6/14,99072023.31,2018
5867,5273,600699.SH,2018/11/24,1701992333,2018
5869,6028,600702.SH,2018/9/4,15462111.49,2018
5873,5695,600703.SH,2018/10/13,35092620.76,2018
5876,4880,600703.SH,2018/12/8,314906640.3,2018
5878,4108,600705.SH,2019/1/31,12007800.64,2019
5885,1733,600705.SH,2019/6/19,986990499.6,2019
5887,5026,600718.SH,2018/12/4,4244400,2018
5895,2189,600718.SH,2019/5/21,453429094.3,2019
5897,6562,600736.SH,2018/5/31,5028253.18,2018
5904,5694,600736.SH,2018/10/13,255590688.6,2018
5908,3992,600738.SH,2019/2/1,19752391.42,2019
5922,161,600749.SH,2019/10/30,201200,2019
5924,5334,600764.SH,2018/11/16,4430646.35,2018
5926,4787,600764.SH,2018/12/19,18568427.03,2018
5928,4456,600771.SH,2019/1/3,5732818,2019
5938,26,600771.SH,2019/11/2,27586279.65,2019
5941,970,600779.SH,2019/8/6,2949774,2019
5942,916,600779.SH,2019/8/17,11053226,2019
5946,4125,600787.SH,2019/1/30,3560958.98,2019
5952,2188,600787.SH,2019/5/21,167884441,2019
5954,4839,600797.SH,2018/12/13,8999168.55,2018
5962,4749,600803.SH,2018/12/21,19821130.33,2018
5968,2144,600803.SH,2019/5/29,199582111.4,2019
5970,6232,600804.SH,2018/8/3,24150870,2018
5978,4265,600804.SH,2019/1/10,402455499,2019
5984,3661,600811.SH,2019/2/21,7863700,2019
5993,523,600811.SH,2019/9/18,192657800,2019
5995,522,600843.SH,2019/9/18,2338156,2019
5997,25,600843.SH,2019/11/2,11609647.86,2019
5999,5256,600867.SH,2018/11/27,19286888.97,2018
6001,4868,600867.SH,2018/12/11,280561656.2,2018
6006,6869,600873.SH,2017/10/31,101305865.1,2017
6007,6851,600873.SH,2017/11/10,98694034.92,2017
6009,3991,600873.SH,2019/2/1,4997600,2019
6018,24,600873.SH,2019/11/2,94905100,2019
6020,2374,600887.SH,2019/5/7,46004648.56,2019
6022,2110,600887.SH,2019/6/1,1904561104,2019
6026,1281,600887.SH,2019/7/26,3888080398,2019
6028,6972,600896.SH,2017/1/5,14998859.95,2017
6029,6971,600896.SH,2017/1/19,35004224.96,2017
6031,5600,600896.SH,2018/10/30,1514249,2018
6037,2731,600896.SH,2019/4/4,30192692,2019
6039,1732,600963.SH,2019/6/19,7174200,2019
6047,6930,600986.SH,2017/6/24,12448728.69,2017
6052,6872,600986.SH,2017/10/17,88567406.14,2017
6054,6640,600986.SH,2018/4/26,323391.42,2018
6057,6466,600986.SH,2018/6/29,99621733.55,2018
6059,6231,600986.SH,2018/8/3,6988816.44,2018
6071,1776,600986.SH,2019/6/12,50003225.27,2019
6074,954,600998.SH,2019/8/8,26705827.76,2019
6077,293,600998.SH,2019/10/9,523678572.2,2019
6080,1770,601005.SH,2019/6/13,4728509,2019
6081,1693,601005.SH,2019/6/28,57495225,2019
6083,4729,601008.SH,2018/12/25,2141000,2018
6088,2687,601008.SH,2019/4/12,34151900,2019
6090,5284,601058.SH,2018/11/23,17591975.58,2018
6095,4907,601058.SH,2018/12/6,330830492.9,2018
6098,588,601058.SH,2019/9/4,5765527.2,2019
6105,5292,601126.SH,2018/11/22,9755388.92,2018
6107,4906,601126.SH,2018/12/6,40244212.02,2018
6109,3704,601126.SH,2019/2/14,1375010,2019
6113,2210,601126.SH,2019/5/17,48624887.79,2019
6116,1350,601126.SH,2019/7/10,1358570,2019
6120,213,601126.SH,2019/10/10,39555174.02,2019
6122,6130,601137.SH,2018/8/30,9003293.39,2018
6137,915,601137.SH,2019/8/17,100186428.4,2019
6139,5303,601155.SH,2018/11/21,49519180.76,2018
6145,2372,601155.SH,2019/5/7,299919300,2019
6148,4817,601208.SH,2018/12/15,457200,2018
6162,23,601208.SH,2019/11/2,95509107.04,2019
6165,3639,601218.SH,2019/2/26,6575654,2019
6170,2130,601218.SH,2019/5/31,43524101.56,2019
6172,5997,601222.SH,2018/9/5,28914153.25,2018
6179,3683,601222.SH,2019/2/16,100484100,2019
6181,5636,601225.SH,2018/10/27,298925629.1,2018
6190,3106,601225.SH,2019/3/28,2503129761,2019
6196,2138,601231.SH,2019/5/30,628826,2019
6200,927,601231.SH,2019/8/15,154318877.7,2019
6203,5911,601311.SH,2018/9/21,2959541.27,2018
6210,3710,601311.SH,2019/2/13,100404104.2,2019
6213,1730,601318.SH,2019/6/19,281825094.7,2019
6219,7069,601360.SH,2016/1/5,40304452.29,2016
6228,6988,601377.SH,2016/8/23,544116246.1,2016
6232,5703,601388.SH,2018/10/12,2999860,2018
6237,4154,601388.SH,2019/1/25,30995422.63,2019
6240,4786,601555.SH,2018/12/19,4010067,2018
6246,2686,601555.SH,2019/4/12,19218836,2019
6250,4229,601558.SH,2019/1/16,580000,2019
6254,2295,601558.SH,2019/5/8,600000,2019
6257,5947,601567.SH,2018/9/14,19992611.62,2018
6265,3749,601567.SH,2019/2/12,200951667.6,2019
6269,2268,601579.SH,2019/5/10,4882043.4,2019
6276,21,601579.SH,2019/11/2,33087365.62,2019
6278,6302,601636.SH,2018/8/1,1872318.74,2018
6295,1326,601636.SH,2019/7/17,230284100,2019
6297,2673,601666.SH,2019/4/24,15276893,2019
6306,6976,601668.SH,2016/12/29,2362407554,2016
6308,4776,601668.SH,2018/12/20,3081045154,2018
6310,3155,601669.SH,2019/3/16,5649037.58,2019
6316,3623,601866.SH,2019/2/28,89030879.48,2019
6320,2209,601866.SH,2019/5/17,144334074.5,2019
6323,5221,601886.SH,2018/11/29,436602.54,2018
6330,2638,601886.SH,2019/5/1,156910287.9,2019
6333,4711,601901.SH,2018/12/26,9291473.68,2018
6340,2685,601901.SH,2019/4/12,57805900,2019
6342,4147,601966.SH,2019/1/26,3440489,2019
6348,2128,601966.SH,2019/5/31,358688345,2019
6350,1290,601989.SH,2019/7/25,30307511,2019
6354,108,601989.SH,2019/11/1,376025053.7,2019
6356,5957,603001.SH,2018/9/12,5293586.62,2018
6373,926,603001.SH,2019/8/15,193025500,2019
6375,6818,603003.SH,2018/1/3,2981649,2018
6409,19,603003.SH,2019/11/2,100005575.4,2019
6412,4293,603011.SH,2019/1/5,2056721,2019
6415,3987,603011.SH,2019/2/1,48426785.7,2019
6417,6229,603017.SH,2018/8/3,32058886.83,2018
6421,5340,603017.SH,2018/11/15,18811447.24,2018
6424,3857,603017.SH,2019/2/2,3487900,2019
6429,1813,603017.SH,2019/6/5,26678285,2019
6433,4216,603018.SH,2019/1/17,4627659.08,2019
6436,3228,603018.SH,2019/3/6,25373166.72,2019
6438,886,603018.SH,2019/8/24,5001460.17,2019
6441,160,603018.SH,2019/10/30,27163271.17,2019
6443,5220,603030.SH,2018/11/29,35004794.91,2018
6450,2362,603030.SH,2019/5/7,69985405.3,2019
6452,925,603045.SH,2019/8/15,984578.28,2019
6454,212,603045.SH,2019/10/10,4014407.28,2019
6456,935,603056.SH,2019/8/13,1895347,2019
6459,18,603056.SH,2019/11/2,46393040.77,2019
6461,5719,603058.SH,2018/10/11,2131375.8,2018
6468,3142,603058.SH,2019/3/20,50011265.06,2019
6470,1330,603066.SH,2019/7/16,2999037,2019
6474,17,603066.SH,2019/11/2,17497957.95,2019
6476,4905,603077.SH,2018/12/6,21544069.73,2018
6481,2292,603077.SH,2019/5/8,399999973.9,2019
6484,4879,603110.SH,2018/12/8,466900,2018
6490,2228,603110.SH,2019/5/15,16831544,2019
6493,4276,603116.SH,2019/1/9,1048465,2019
6504,107,603116.SH,2019/11/1,149923616.7,2019
6506,6611,603117.SH,2018/5/3,21385103.3,2018
6509,4891,603128.SH,2018/12/7,4631936.64,2018
6522,179,603128.SH,2019/10/25,126672922.3,2019
6524,4174,603129.SH,2019/1/23,1341556,2019
6535,16,603129.SH,2019/11/2,69316896.5,2019
6544,5382,603158.SH,2018/11/8,1627800,2018
6559,159,603158.SH,2019/10/30,72414061.2,2019
6561,4215,603167.SH,2019/1/17,2483104,2019
6569,2187,603167.SH,2019/5/21,197414229,2019
6571,5290,603179.SH,2018/11/22,9998589.4,2018
6575,4123,603179.SH,2019/1/30,59991247.68,2019
6577,5964,603180.SH,2018/9/11,249358,2018
6584,3558,603180.SH,2019/3/1,41997366,2019
6591,2108,603181.SH,2019/6/1,10786457.2,2019
6596,15,603181.SH,2019/11/2,25629653.96,2019
6599,6213,603188.SH,2018/8/7,9941605,2018
6606,4214,603188.SH,2019/1/17,53665517.29,2019
6609,4326,603203.SH,2019/1/4,1998090.78,2019
6614,2219,603203.SH,2019/5/16,18006980.92,2019
6616,4207,603278.SH,2019/1/18,5562271.44,2019
6620,3196,603278.SH,2019/3/11,44427328.56,2019
6623,3179,603303.SH,2019/3/13,4778751.56,2019
6633,14,603303.SH,2019/11/2,135232261.9,2019
6636,4748,603319.SH,2018/12/21,4792200,2018
6642,2650,603319.SH,2019/4/30,30093000,2019
6644,5253,603322.SH,2018/11/27,14550000,2018
6657,280,603322.SH,2019/10/9,17120000,2019
6659,6468,603333.SH,2018/6/28,8552242.19,2018
6662,512,603365.SH,2019/9/19,4300710,2019
6664,106,603365.SH,2019/11/1,25693886,2019
6666,4930,603368.SH,2018/12/5,6371637.48,2018
6672,5642,603377.SH,2018/10/26,9213423.57,2018
6686,875,603377.SH,2019/8/28,169962512.5,2019
6693,2260,603378.SH,2019/5/11,1193591,2019
6694,2127,603378.SH,2019/5/31,33813209,2019
6698,3689,603385.SH,2019/2/15,7678700,2019
6699,3668,603385.SH,2019/2/20,12321000,2019
6705,4747,603508.SH,2018/12/21,3858191,2018
6709,3702,603508.SH,2019/2/14,100029800,2019
6711,6689,603519.SH,2018/3/29,2342119.35,2018
6714,6582,603519.SH,2018/5/12,27679758.92,2018
6720,3638,603520.SH,2019/2/26,494767,2019
6725,2227,603520.SH,2019/5/15,6632299.2,2019
6727,4854,603556.SH,2018/12/12,3923733.86,2018
6735,4815,603558.SH,2018/12/15,7414176,2018
6744,2156,603558.SH,2019/5/25,160019629.7,2019
6747,3162,603579.SH,2019/3/15,2494078.43,2019
6758,5371,603586.SH,2018/11/10,2587400,2018
6773,521,603586.SH,2019/9/18,66558162.23,2019
6776,884,603596.SH,2019/8/24,1492885.72,2019
6778,277,603596.SH,2019/10/9,43945114.28,2019
6780,3845,603608.SH,2019/2/2,49989023.6,2019
6784,2217,603611.SH,2019/5/16,7994087,2019
6792,276,603611.SH,2019/10/9,141987412.3,2019
6794,4829,603630.SH,2018/12/14,214182,2018
6801,2149,603630.SH,2019/5/28,43723565.72,2019
6804,1288,603636.SH,2019/7/25,9194309.6,2019
6808,11,603636.SH,2019/11/2,20925886.94,2019
6810,5641,603667.SH,2018/10/26,2701024.6,2018
6818,3400,603667.SH,2019/3/2,66083351.57,2019
6821,479,603668.SH,2019/9/28,1997538,2019
6823,10,603668.SH,2019/11/2,3001105,2019
6825,5683,603678.SH,2018/10/16,5506535.21,2018
6827,5302,603678.SH,2018/11/21,18173301.15,2018
6831,208,603678.SH,2019/10/10,4998342.65,2019
6833,3976,603688.SH,2019/2/1,3577320.5,2019
6836,2634,603688.SH,2019/5/1,46399022.5,2019
6838,4708,603699.SH,2018/12/26,1564341.98,2018
6845,1786,603699.SH,2019/6/11,84986000.99,2019
6847,5986,603716.SH,2018/9/6,3111872.9,2018
6850,5660,603716.SH,2018/10/20,46886759.8,2018
6852,4927,603716.SH,2018/12/5,49110,2018
6863,9,603716.SH,2019/11/2,132578323.6,2019
6865,3622,603727.SH,2019/2/28,708435,2019
6876,5345,603730.SH,2018/11/14,6702096.63,2018
6883,3190,603730.SH,2019/3/12,181910230.1,2019
6886,1341,603737.SH,2019/7/12,6132900,2019
6889,6368,603766.SH,2018/7/19,9471294.06,2018
6895,5377,603776.SH,2018/11/9,5828582.1,2018
6899,3637,603776.SH,2019/2/26,31378926.96,2019
6902,3103,603777.SH,2019/3/28,1779500,2019
6906,1759,603777.SH,2019/6/14,34809100,2019
6908,4195,603779.SH,2019/1/19,834268,2019
6919,4320,603788.SH,2019/1/4,3548917.74,2019
6930,272,603788.SH,2019/10/9,68953173.43,2019
6935,1348,603798.SH,2019/7/10,2208485,2019
6939,6,603798.SH,2019/11/2,9782825.09,2019
6941,4727,603801.SH,2018/12/25,2498734,2018
6953,5691,603808.SH,2018/10/13,3500953,2018
6961,3113,603808.SH,2019/3/26,67991788.77,2019
6963,497,603816.SH,2019/9/24,1014370,2019
6965,5,603816.SH,2019/11/2,71839510.38,2019
6967,4228,603819.SH,2019/1/16,1173161.24,2019
6978,105,603819.SH,2019/11/1,43828924.22,2019
6980,4239,603828.SH,2019/1/15,9811253.41,2019
6983,3648,603828.SH,2019/2/23,50674403.78,2019
6985,3177,603839.SH,2019/3/13,7158480,2019
6993,268,603839.SH,2019/10/9,55677974.7,2019
6996,5219,603858.SH,2018/11/29,10626257.05,2018
7011,165,603858.SH,2019/10/29,933998879.1,2019
7013,3636,603869.SH,2019/2/26,89100,2019
7021,207,603869.SH,2019/10/10,78871996.17,2019
7023,4774,603877.SH,2018/12/20,4997896.8,2018
7025,3836,603877.SH,2019/2/2,99982100.43,2019
7027,4691,603879.SH,2018/12/27,1156943.87,2018
7037,1785,603879.SH,2019/6/11,30396555.27,2019
7039,5918,603898.SH,2018/9/20,3033719.44,2018
7046,3635,603898.SH,2019/2/26,100988521.8,2019
7049,4746,603901.SH,2018/12/21,813993,2018
7059,266,603901.SH,2019/10/9,51945216.27,2019
7061,6147,603979.SH,2018/8/25,5257133.97,2018
7071,2216,603987.SH,2019/5/16,932939,2019
